# ID,Label
0,6
1,8
2,1
3,3
4,5
5,8
6,3
7,7
8,1
9,3
10,6
11,5
12,5
13,8
14,3
15,1
16,4
17,8
18,4
19,3
20,2
21,3
22,4
23,8
24,3
25,2
26,2
27,1
28,2
29,6
30,2
31,2
32,1
33,4
34,1
35,1
36,6
37,2
38,1
39,4
40,3
41,8
42,6
43,7
44,5
45,1
46,1
47,7
48,1
49,3
50,5
51,2
52,1
53,5
54,5
55,3
56,7
57,5
58,8
59,4
60,7
61,7
62,1
63,4
64,3
65,6
66,4
67,7
68,4
69,1
70,8
71,6
72,1
73,8
74,3
75,1
76,8
77,6
78,2
79,8
80,2
81,8
82,3
83,4
84,3
85,3
86,8
87,8
88,4
89,8
90,2
91,2
92,4
93,2
94,7
95,3
96,1
97,1
98,8
99,7
100,5
101,6
102,4
103,6
104,3
105,3
106,3
107,8
108,2
109,6
110,2
111,3
112,5
113,5
114,2
115,2
116,2
117,3
118,1
119,3
120,6
121,8
122,5
123,1
124,5
125,5
126,6
127,2
128,7
129,7
130,6
131,8
132,7
133,4
134,8
135,3
136,6
137,8
138,6
139,7
140,8
141,3
142,1
143,6
144,2
145,3
146,5
147,5
148,1
149,8
150,6
151,8
152,4
153,3
154,6
155,6
156,1
157,4
158,3
159,4
160,2
161,4
162,2
163,2
164,4
165,8
166,7
167,1
168,2
169,5
170,4
171,5
172,6
173,4
174,6
175,4
176,7
177,3
178,6
179,8
180,1
181,8
182,5
183,8
184,4
185,8
186,4
187,2
188,6
189,3
190,4
191,5
192,5
193,4
194,8
195,3
196,3
197,6
198,6
199,3
200,6
201,4
202,6
203,3
204,6
205,2
206,4
207,1
208,4
209,3
210,6
211,6
212,8
213,5
214,3
215,3
216,7
217,5
218,3
219,2
220,4
221,6
222,2
223,7
224,6
225,5
226,2
227,1
228,8
229,5
230,5
231,1
232,6
233,1
234,6
235,8
236,2
237,2
238,1
239,6
240,3
241,6
242,2
243,4
244,1
245,7
246,6
247,3
248,5
249,7
250,7
251,3
252,4
253,6
254,1
255,5
256,8
257,5
258,7
259,4
260,7
261,6
262,1
263,6
264,4
265,4
266,6
267,5
268,7
269,6
270,5
271,3
272,7
273,7
274,6
275,2
276,5
277,7
278,1
279,8
280,1
281,3
282,5
283,6
284,6
285,7
286,1
287,7
288,1
289,5
290,8
291,4
292,2
293,8
294,6
295,1
296,3
297,6
298,3
299,1
300,7
301,4
302,4
303,3
304,7
305,8
306,3
307,5
308,1
309,2
310,7
311,5
312,1
313,2
314,6
315,4
316,3
317,1
318,2
319,2
320,3
321,2
322,1
323,1
324,6
325,4
326,2
327,5
328,4
329,8
330,2
331,7
332,7
333,3
334,1
335,8
336,8
337,7
338,1
339,5
340,8
341,5
342,2
343,8
344,3
345,5
346,2
347,2
348,3
349,2
350,2
351,7
352,7
353,7
354,1
355,4
356,8
357,7
358,4
359,7
360,7
361,6
362,8
363,2
364,7
365,2
366,1
367,4
368,4
369,7
370,6
371,5
372,7
373,2
374,7
375,8
376,2
377,2
378,5
379,6
380,6
381,6
382,7
383,7
384,7
385,7
386,5
387,1
388,4
389,5
390,7
391,5
392,5
393,2
394,8
395,8
396,3
397,1
398,1
399,6
400,7
401,2
402,6
403,7
404,5
405,2
406,2
407,2
408,3
409,5
410,2
411,4
412,3
413,8
414,3
415,6
416,3
417,3
418,2
419,3
420,8
421,3
422,4
423,6
424,6
425,8
426,6
427,1
428,2
429,6
430,7
431,4
432,6
433,1
434,6
435,1
436,1
437,7
438,5
439,7
440,3
441,1
442,2
443,3
444,6
445,8
446,6
447,8
448,2
449,8
450,3
451,4
452,4
453,6
454,6
455,7
456,3
457,3
458,3
459,3
460,2
461,6
462,5
463,8
464,7
465,2
466,3
467,3
468,3
469,3
470,8
471,6
472,5
473,3
474,1
475,7
476,7
477,2
478,1
479,5
480,3
481,4
482,3
483,1
484,5
485,6
486,5
487,3
488,1
489,8
490,2
491,8
492,8
493,3
494,8
495,3
496,6
497,3
498,4
499,5
500,3
501,6
502,8
503,6
504,7
505,3
506,5
507,3
508,1
509,8
510,3
511,3
512,3
513,1
514,7
515,8
516,1
517,8
518,8
519,6
520,1
521,8
522,4
523,1
524,4
525,1
526,3
527,8
528,6
529,8
530,7
531,1
532,3
533,3
534,6
535,1
536,3
537,2
538,1
539,7
540,8
541,2
542,6
543,1
544,8
545,3
546,7
547,6
548,6
549,2
550,3
551,8
552,8
553,4
554,3
555,7
556,1
557,8
558,1
559,5
560,8
561,8
562,5
563,6
564,2
565,5
566,6
567,2
568,7
569,1
570,4
571,1
572,4
573,3
574,4
575,2
576,2
577,8
578,6
579,6
580,5
581,3
582,1
583,2
584,1
585,1
586,8
587,8
588,7
589,6
590,4
591,8
592,4
593,3
594,5
595,6
596,5
597,7
598,7
599,6
600,5
601,6
602,3
603,8
604,5
605,8
606,2
607,5
608,1
609,2
610,8
611,6
612,6
613,7
614,2
615,2
616,1
617,8
618,3
619,4
620,6
621,8
622,4
623,1
624,6
625,3
626,4
627,6
628,8
629,7
630,3
631,1
632,2
633,2
634,8
635,1
636,7
637,4
638,3
639,4
640,1
641,3
642,8
643,1
644,2
645,6
646,1
647,7
648,5
649,3
650,4
651,1
652,7
653,4
654,2
655,3
656,6
657,3
658,1
659,3
660,7
661,6
662,7
663,5
664,7
665,6
666,5
667,6
668,8
669,3
670,6
671,4
672,6
673,5
674,2
675,3
676,5
677,8
678,7
679,6
680,8
681,5
682,1
683,4
684,1
685,1
686,4
687,4
688,5
689,1
690,3
691,8
692,2
693,4
694,3
695,1
696,7
697,8
698,8
699,4
700,3
701,3
702,5
703,6
704,6
705,1
706,2
707,1
708,3
709,2
710,8
711,1
712,7
713,7
714,8
715,8
716,7
717,4
718,1
719,7
720,4
721,4
722,7
723,7
724,5
725,2
726,8
727,4
728,8
729,1
730,3
731,5
732,2
733,7
734,7
735,7
736,6
737,6
738,4
739,2
740,4
741,6
742,7
743,4
744,5
745,1
746,8
747,5
748,6
749,7
750,7
751,8
752,3
753,7
754,6
755,6
756,2
757,4
758,2
759,5
760,3
761,2
762,2
763,7
764,7
765,7
766,8
767,6
768,6
769,4
770,7
771,6
772,8
773,4
774,6
775,6
776,8
777,8
778,2
779,1
780,1
781,1
782,1
783,3
784,3
785,2
786,1
787,1
788,8
789,1
790,8
791,5
792,1
793,6
794,6
795,3
796,8
797,2
798,1
799,3
800,5
801,2
802,4
803,8
804,2
805,8
806,5
807,6
808,8
809,2
810,2
811,7
812,6
813,8
814,8
815,2
816,1
817,1
818,7
819,6
820,2
821,3
822,5
823,1
824,3
825,7
826,4
827,3
828,5
829,3
830,6
831,2
832,8
833,7
834,4
835,8
836,4
837,1
838,1
839,8
840,7
841,1
842,4
843,8
844,8
845,3
846,1
847,6
848,5
849,8
850,8
851,1
852,1
853,4
854,7
855,8
856,7
857,5
858,2
859,7
860,5
861,2
862,6
863,1
864,2
865,7
866,1
867,3
868,8
869,1
870,3
871,5
872,8
873,4
874,4
875,1
876,6
877,8
878,3
879,6
880,4
881,5
882,7
883,5
884,3
885,8
886,5
887,1
888,3
889,3
890,5
891,6
892,8
893,8
894,8
895,6
896,3
897,1
898,7
899,8
900,5
901,3
902,8
903,6
904,8
905,5
906,4
907,2
908,5
909,6
910,7
911,4
912,7
913,4
914,7
915,4
916,4
917,7
918,3
919,6
920,1
921,8
922,2
923,2
924,4
925,8
926,7
927,8
928,2
929,5
930,3
931,3
932,1
933,2
934,7
935,1
936,5
937,4
938,6
939,7
940,3
941,2
942,6
943,7
944,5
945,7
946,1
947,3
948,8
949,2
950,8
951,1
952,8
953,3
954,6
955,7
956,2
957,5
958,6
959,6
960,2
961,8
962,4
963,1
964,6
965,1
966,1
967,6
968,5
969,8
970,1
971,7
972,8
973,7
974,1
975,4
976,7
977,1
978,8
979,4
980,8
981,4
982,1
983,3
984,8
985,2
986,5
987,1
988,1
989,1
990,5
991,7
992,6
993,4
994,8
995,1
996,1
997,2
998,4
999,3
1000,5
1001,5
1002,5
1003,2
1004,7
1005,1
1006,2
1007,1
1008,8
1009,8
1010,6
1011,8
1012,4
1013,8
1014,7
1015,1
1016,2
1017,5
1018,5
1019,4
1020,5
1021,1
1022,4
1023,1
1024,4
1025,1
1026,3
1027,3
1028,7
1029,1
1030,5
1031,7
1032,6
1033,8
1034,3
1035,7
1036,6
1037,7
1038,5
1039,1
1040,4
1041,7
1042,6
1043,7
1044,8
1045,3
1046,7
1047,1
1048,4
1049,7
1050,8
1051,2
1052,2
1053,3
1054,4
1055,3
1056,4
1057,8
1058,8
1059,6
1060,1
1061,8
1062,8
1063,5
1064,2
1065,6
1066,2
1067,8
1068,7
1069,1
1070,8
1071,8
1072,8
1073,8
1074,4
1075,3
1076,3
1077,1
1078,8
1079,5
1080,8
1081,8
1082,8
1083,3
1084,3
1085,2
1086,6
1087,1
1088,5
1089,4
1090,4
1091,5
1092,4
1093,8
1094,7
1095,1
1096,4
1097,3
1098,2
1099,8
1100,7
1101,6
1102,1
1103,8
1104,3
1105,1
1106,8
1107,5
1108,8
1109,1
1110,1
1111,5
1112,4
1113,2
1114,1
1115,6
1116,4
1117,4
1118,4
1119,7
1120,1
1121,4
1122,5
1123,6
1124,1
1125,4
1126,2
1127,5
1128,4
1129,8
1130,3
1131,2
1132,8
1133,3
1134,5
1135,6
1136,4
1137,3
1138,8
1139,7
1140,8
1141,2
1142,8
1143,2
1144,7
1145,7
1146,7
1147,6
1148,8
1149,1
1150,5
1151,4
1152,8
1153,4
1154,5
1155,2
1156,7
1157,6
1158,2
1159,6
1160,2
1161,8
1162,5
1163,1
1164,1
1165,4
1166,7
1167,2
1168,2
1169,4
1170,1
1171,7
1172,4
1173,8
1174,7
1175,4
1176,3
1177,5
1178,8
1179,5
1180,7
1181,5
1182,4
1183,4
1184,7
1185,4
1186,8
1187,1
1188,7
1189,8
1190,8
1191,2
1192,7
1193,6
1194,8
1195,5
1196,5
1197,5
1198,4
1199,5
1200,7
1201,7
1202,3
1203,1
1204,2
1205,1
1206,1
1207,8
1208,3
1209,8
1210,8
1211,6
1212,2
1213,2
1214,4
1215,8
1216,4
1217,5
1218,6
1219,3
1220,5
1221,5
1222,8
1223,4
1224,2
1225,4
1226,2
1227,3
1228,7
1229,7
1230,1
1231,5
1232,6
1233,4
1234,7
1235,5
1236,2
1237,8
1238,3
1239,6
1240,1
1241,8
1242,8
1243,1
1244,6
1245,2
1246,5
1247,5
1248,1
1249,3
1250,6
1251,1
1252,2
1253,4
1254,6
1255,2
1256,1
1257,2
1258,6
1259,2
1260,6
1261,7
1262,3
1263,5
1264,4
1265,2
1266,5
1267,3
1268,1
1269,8
1270,8
1271,7
1272,4
1273,8
1274,1
1275,4
1276,2
1277,2
1278,6
1279,3
1280,2
1281,7
1282,3
1283,7
1284,7
1285,4
1286,6
1287,5
1288,6
1289,2
1290,7
1291,5
1292,6
1293,3
1294,4
1295,4
1296,3
1297,8
1298,8
1299,5
1300,4
1301,5
1302,5
1303,1
1304,4
1305,8
1306,5
1307,1
1308,1
1309,4
1310,4
1311,5
1312,1
1313,2
1314,1
1315,1
1316,2
1317,6
1318,5
1319,5
1320,4
1321,2
1322,4
1323,5
1324,4
1325,1
1326,5
1327,4
1328,1
1329,5
1330,7
1331,3
1332,4
1333,5
1334,8
1335,5
1336,1
1337,8
1338,5
1339,8
1340,3
1341,1
1342,5
1343,4
1344,3
1345,5
1346,1
1347,1
1348,7
1349,1
1350,7
1351,1
1352,1
1353,6
1354,7
1355,8
1356,1
1357,4
1358,4
1359,2
1360,4
1361,6
1362,1
1363,7
1364,4
1365,5
1366,5
1367,6
1368,4
1369,2
1370,4
1371,7
1372,6
1373,6
1374,6
1375,6
1376,7
1377,4
1378,5
1379,8
1380,8
1381,2
1382,1
1383,5
1384,3
1385,4
1386,8
1387,4
1388,3
1389,8
1390,2
1391,6
1392,5
1393,5
1394,2
1395,3
1396,1
1397,7
1398,3
1399,6
1400,1
1401,3
1402,8
1403,6
1404,3
1405,8
1406,5
1407,8
1408,3
1409,7
1410,8
1411,8
1412,4
1413,8
1414,2
1415,6
1416,3
1417,6
1418,2
1419,1
1420,4
1421,5
1422,6
1423,4
1424,4
1425,6
1426,1
1427,3
1428,7
1429,2
1430,7
1431,5
1432,5
1433,6
1434,8
1435,2
1436,7
1437,5
1438,4
1439,3
1440,6
1441,8
1442,8
1443,1
1444,8
1445,8
1446,2
1447,8
1448,2
1449,7
1450,1
1451,8
1452,1
1453,7
1454,5
1455,3
1456,5
1457,7
1458,3
1459,1
1460,3
1461,3
1462,3
1463,4
1464,4
1465,7
1466,1
1467,2
1468,7
1469,1
1470,8
1471,8
1472,1
1473,3
1474,1
1475,6
1476,8
1477,5
1478,4
1479,3
1480,4
1481,2
1482,5
1483,4
1484,8
1485,6
1486,4
1487,8
1488,5
1489,3
1490,3
1491,6
1492,3
1493,6
1494,1
1495,1
1496,2
1497,5
1498,4
1499,1
1500,4
1501,3
1502,1
1503,7
1504,5
1505,6
1506,8
1507,7
1508,3
1509,8
1510,7
1511,5
1512,4
1513,2
1514,3
1515,7
1516,5
1517,1
1518,3
1519,2
1520,4
1521,4
1522,3
1523,4
1524,6
1525,2
1526,1
1527,6
1528,6
1529,7
1530,8
1531,5
1532,6
1533,4
1534,8
1535,8
1536,3
1537,5
1538,4
1539,2
1540,6
1541,2
1542,1
1543,2
1544,2
1545,3
1546,3
1547,4
1548,5
1549,3
1550,1
1551,4
1552,8
1553,1
1554,4
1555,5
1556,5
1557,8
1558,3
1559,3
1560,7
1561,1
1562,3
1563,4
1564,5
1565,2
1566,7
1567,2
1568,8
1569,1
1570,6
1571,3
1572,3
1573,3
1574,5
1575,1
1576,3
1577,1
1578,6
1579,5
1580,6
1581,2
1582,2
1583,6
1584,1
1585,3
1586,8
1587,5
1588,1
1589,7
1590,8
1591,3
1592,7
1593,6
1594,3
1595,3
1596,2
1597,1
1598,2
1599,8
1600,8
1601,5
1602,8
1603,1
1604,3
1605,5
1606,7
1607,4
1608,5
1609,6
1610,7
1611,7
1612,8
1613,1
1614,3
1615,4
1616,1
1617,4
1618,6
1619,6
1620,7
1621,6
1622,7
1623,4
1624,3
1625,8
1626,5
1627,2
1628,2
1629,5
1630,2
1631,7
1632,1
1633,3
1634,7
1635,1
1636,2
1637,8
1638,6
1639,6
1640,8
1641,5
1642,5
1643,2
1644,5
1645,5
1646,1
1647,2
1648,6
1649,1
1650,1
1651,1
1652,7
1653,7
1654,2
1655,3
1656,7
1657,4
1658,3
1659,5
1660,3
1661,5
1662,7
1663,3
1664,8
1665,4
1666,4
1667,4
1668,6
1669,4
1670,8
1671,6
1672,1
1673,4
1674,3
1675,1
1676,2
1677,2
1678,5
1679,2
1680,4
1681,7
1682,7
1683,7
1684,4
1685,3
1686,4
1687,5
1688,8
1689,1
1690,1
1691,7
1692,4
1693,3
1694,2
1695,1
1696,7
1697,6
1698,1
1699,4
1700,5
1701,8
1702,2
1703,5
1704,4
1705,8
1706,7
1707,7
1708,2
1709,7
1710,7
1711,8
1712,4
1713,5
1714,2
1715,3
1716,3
1717,3
1718,7
1719,7
1720,6
1721,8
1722,4
1723,2
1724,2
1725,3
1726,2
1727,4
1728,1
1729,8
1730,2
1731,4
1732,7
1733,5
1734,6
1735,8
1736,1
1737,5
1738,8
1739,1
1740,7
1741,1
1742,6
1743,1
1744,6
1745,5
1746,1
1747,7
1748,3
1749,5
1750,8
1751,3
1752,2
1753,5
1754,7
1755,3
1756,6
1757,2
1758,3
1759,4
1760,8
1761,8
1762,2
1763,5
1764,5
1765,3
1766,3
1767,1
1768,6
1769,7
1770,3
1771,6
1772,7
1773,4
1774,5
1775,6
1776,1
1777,5
1778,2
1779,8
1780,1
1781,2
1782,1
1783,7
1784,6
1785,5
1786,5
1787,8
1788,8
1789,5
1790,5
1791,4
1792,1
1793,3
1794,3
1795,5
1796,5
1797,1
1798,1
1799,2
1800,6
1801,1
1802,5
1803,2
1804,5
1805,4
1806,5
1807,5
1808,4
1809,1
1810,8
1811,3
1812,6
1813,7
1814,4
1815,1
1816,5
1817,2
1818,7
1819,3
1820,8
1821,5
1822,1
1823,5
1824,2
1825,8
1826,1
1827,5
1828,6
1829,7
1830,7
1831,7
1832,7
1833,8
1834,6
1835,4
1836,3
1837,8
1838,7
1839,7
1840,8
1841,8
1842,5
1843,1
1844,1
1845,4
1846,7
1847,6
1848,7
1849,1
1850,7
1851,8
1852,1
1853,5
1854,3
1855,1
1856,2
1857,1
1858,5
1859,6
1860,7
1861,1
1862,6
1863,5
1864,4
1865,8
1866,1
1867,1
1868,6
1869,6
1870,6
1871,2
1872,2
1873,2
1874,5
1875,2
1876,2
1877,7
1878,6
1879,7
1880,4
1881,8
1882,4
1883,3
1884,8
1885,4
1886,1
1887,8
1888,7
1889,5
1890,6
1891,3
1892,1
1893,1
1894,6
1895,2
1896,1
1897,7
1898,2
1899,7
1900,5
1901,3
1902,8
1903,1
1904,5
1905,8
1906,2
1907,1
1908,8
1909,2
1910,3
1911,7
1912,5
1913,5
1914,2
1915,7
1916,8
1917,8
1918,2
1919,6
1920,6
1921,1
1922,6
1923,7
1924,8
1925,8
1926,6
1927,1
1928,5
1929,4
1930,2
1931,2
1932,8
1933,7
1934,1
1935,8
1936,7
1937,6
1938,8
1939,1
1940,5
1941,1
1942,7
1943,3
1944,3
1945,5
1946,2
1947,7
1948,7
1949,3
1950,4
1951,4
1952,3
1953,2
1954,7
1955,2
1956,7
1957,3
1958,5
1959,4
1960,4
1961,1
1962,4
1963,7
1964,3
1965,5
1966,4
1967,5
1968,4
1969,3
1970,6
1971,8
1972,1
1973,1
1974,5
1975,6
1976,6
1977,6
1978,5
1979,6
1980,5
1981,4
1982,5
1983,5
1984,2
1985,3
1986,8
1987,5
1988,1
1989,4
1990,7
1991,6
1992,1
1993,6
1994,3
1995,1
1996,8
1997,3
1998,2
1999,2
2000,3
2001,1
2002,8
2003,8
2004,7
2005,5
2006,1
2007,7
2008,7
2009,3
2010,2
2011,5
2012,6
2013,2
2014,1
2015,6
2016,7
2017,8
2018,7
2019,1
2020,6
2021,1
2022,8
2023,5
2024,6
2025,5
2026,8
2027,1
2028,3
2029,5
2030,8
2031,6
2032,7
2033,8
2034,6
2035,3
2036,7
2037,3
2038,7
2039,5
2040,4
2041,8
2042,4
2043,4
2044,5
2045,2
2046,2
2047,6
2048,7
2049,2
2050,5
2051,1
2052,2
2053,5
2054,4
2055,7
2056,8
2057,6
2058,3
2059,6
2060,7
2061,7
2062,4
2063,8
2064,4
2065,2
2066,5
2067,4
2068,8
2069,7
2070,3
2071,4
2072,6
2073,3
2074,8
2075,2
2076,7
2077,3
2078,8
2079,1
2080,1
2081,1
2082,6
2083,1
2084,2
2085,8
2086,4
2087,7
2088,7
2089,3
2090,3
2091,8
2092,7
2093,3
2094,7
2095,3
2096,3
2097,7
2098,5
2099,8
2100,7
2101,6
2102,5
2103,7
2104,2
2105,7
2106,4
2107,7
2108,1
2109,7
2110,4
2111,8
2112,5
2113,5
2114,2
2115,5
2116,8
2117,7
2118,2
2119,3
2120,8
2121,6
2122,8
2123,7
2124,4
2125,2
2126,7
2127,3
2128,4
2129,2
2130,1
2131,7
2132,6
2133,4
2134,5
2135,5
2136,1
2137,7
2138,8
2139,7
2140,1
2141,6
2142,5
2143,5
2144,6
2145,3
2146,6
2147,7
2148,1
2149,8
2150,1
2151,3
2152,8
2153,4
2154,7
2155,3
2156,8
2157,7
2158,3
2159,3
2160,3
2161,4
2162,2
2163,7
2164,1
2165,4
2166,8
2167,4
2168,2
2169,4
2170,3
2171,8
2172,8
2173,3
2174,6
2175,7
2176,6
2177,1
2178,8
2179,7
2180,1
2181,1
2182,8
2183,2
2184,4
2185,1
2186,7
2187,3
2188,8
2189,1
2190,8
2191,2
2192,5
2193,2
2194,2
2195,2
2196,2
2197,4
2198,5
2199,6
2200,2
2201,6
2202,4
2203,1
2204,2
2205,1
2206,8
2207,2
2208,3
2209,3
2210,1
2211,3
2212,4
2213,1
2214,3
2215,6
2216,8
2217,8
2218,4
2219,2
2220,5
2221,6
2222,8
2223,8
2224,1
2225,6
2226,7
2227,6
2228,2
2229,3
2230,2
2231,1
2232,1
2233,6
2234,5
2235,2
2236,6
2237,3
2238,5
2239,1
2240,4
2241,7
2242,5
2243,1
2244,6
2245,1
2246,5
2247,4
2248,2
2249,6
2250,3
2251,2
2252,1
2253,7
2254,1
2255,1
2256,8
2257,6
2258,2
2259,3
2260,6
2261,4
2262,2
2263,1
2264,5
2265,8
2266,3
2267,2
2268,8
2269,5
2270,4
2271,8
2272,5
2273,1
2274,5
2275,4
2276,8
2277,5
2278,6
2279,8
2280,6
2281,2
2282,5
2283,6
2284,1
2285,8
2286,1
2287,2
2288,2
2289,4
2290,1
2291,7
2292,4
2293,3
2294,4
2295,8
2296,3
2297,2
2298,6
2299,3
2300,6
2301,3
2302,6
2303,2
2304,2
2305,4
2306,3
2307,2
2308,8
2309,1
2310,5
2311,5
2312,4
2313,8
2314,7
2315,7
2316,6
2317,6
2318,4
2319,7
2320,5
2321,2
2322,8
2323,5
2324,3
2325,2
2326,3
2327,8
2328,5
2329,1
2330,8
2331,8
2332,8
2333,2
2334,1
2335,4
2336,6
2337,7
2338,4
2339,1
2340,1
2341,4
2342,7
2343,1
2344,5
2345,7
2346,3
2347,8
2348,1
2349,6
2350,4
2351,1
2352,8
2353,5
2354,6
2355,2
2356,8
2357,8
2358,5
2359,3
2360,2
2361,3
2362,5
2363,5
2364,6
2365,1
2366,6
2367,8
2368,2
2369,2
2370,5
2371,8
2372,1
2373,5
2374,8
2375,7
2376,7
2377,4
2378,2
2379,8
2380,4
2381,2
2382,1
2383,5
2384,7
2385,2
2386,2
2387,1
2388,7
2389,3
2390,8
2391,8
2392,5
2393,2
2394,6
2395,4
2396,5
2397,7
2398,4
2399,4
2400,3
2401,8
2402,3
2403,4
2404,4
2405,3
2406,7
2407,8
2408,4
2409,6
2410,5
2411,4
2412,6
2413,8
2414,7
2415,3
2416,3
2417,5
2418,7
2419,2
2420,1
2421,3
2422,1
2423,6
2424,6
2425,7
2426,1
2427,6
2428,2
2429,3
2430,3
2431,7
2432,4
2433,7
2434,7
2435,1
2436,6
2437,5
2438,7
2439,7
2440,8
2441,4
2442,7
2443,7
2444,5
2445,5
2446,2
2447,8
2448,2
2449,4
2450,2
2451,2
2452,3
2453,4
2454,7
2455,8
2456,3
2457,8
2458,5
2459,4
2460,3
2461,3
2462,4
2463,7
2464,4
2465,6
2466,7
2467,1
2468,5
2469,8
2470,6
2471,5
2472,4
2473,2
2474,4
2475,1
2476,3
2477,8
2478,6
2479,4
2480,5
2481,5
2482,1
2483,5
2484,6
2485,3
2486,1
2487,2
2488,3
2489,4
2490,1
2491,8
2492,7
2493,8
2494,6
2495,1
2496,4
2497,5
2498,6
2499,6
2500,1
2501,7
2502,4
2503,1
2504,4
2505,3
2506,3
2507,6
2508,6
2509,8
2510,3
2511,5
2512,2
2513,8
2514,5
2515,6
2516,1
2517,8
2518,8
2519,7
2520,1
2521,7
2522,3
2523,8
2524,7
2525,2
2526,4
2527,3
2528,5
2529,3
2530,6
2531,6
2532,5
2533,5
2534,7
2535,2
2536,4
2537,4
2538,2
2539,4
2540,6
2541,6
2542,6
2543,3
2544,2
2545,7
2546,8
2547,7
2548,1
2549,8
2550,4
2551,3
2552,8
2553,2
2554,4
2555,5
2556,8
2557,3
2558,8
2559,8
2560,3
2561,5
2562,1
2563,7
2564,1
2565,7
2566,3
2567,2
2568,7
2569,8
2570,5
2571,2
2572,8
2573,6
2574,8
2575,2
2576,7
2577,8
2578,1
2579,3
2580,2
2581,2
2582,8
2583,8
2584,3
2585,6
2586,8
2587,2
2588,6
2589,7
2590,1
2591,5
2592,2
2593,3
2594,3
2595,8
2596,5
2597,2
2598,6
2599,5
2600,3
2601,6
2602,1
2603,2
2604,3
2605,2
2606,4
2607,2
2608,8
2609,4
2610,2
2611,5
2612,5
2613,1
2614,8
2615,3
2616,8
2617,4
2618,1
2619,2
2620,7
2621,8
2622,5
2623,4
2624,1
2625,6
2626,7
2627,5
2628,6
2629,6
2630,4
2631,1
2632,2
2633,5
2634,4
2635,1
2636,6
2637,6
2638,3
2639,5
2640,2
2641,4
2642,1
2643,8
2644,1
2645,2
2646,8
2647,6
2648,2
2649,8
2650,8
2651,8
2652,3
2653,6
2654,2
2655,4
2656,2
2657,1
2658,3
2659,2
2660,7
2661,7
2662,5
2663,7
2664,6
2665,1
2666,8
2667,7
2668,1
2669,6
2670,7
2671,6
2672,4
2673,5
2674,4
2675,6
2676,8
2677,5
2678,2
2679,6
2680,3
2681,1
2682,1
2683,8
2684,1
2685,6
2686,2
2687,2
2688,8
2689,3
2690,5
2691,5
2692,6
2693,4
2694,5
2695,8
2696,1
2697,6
2698,4
2699,6
2700,8
2701,2
2702,5
2703,7
2704,2
2705,8
2706,6
2707,3
2708,8
2709,8
2710,6
2711,8
2712,1
2713,1
2714,7
2715,7
2716,3
2717,1
2718,5
2719,3
2720,3
2721,6
2722,3
2723,2
2724,4
2725,3
2726,1
2727,1
2728,8
2729,3
2730,3
2731,8
2732,5
2733,3
2734,5
2735,6
2736,2
2737,2
2738,7
2739,2
2740,5
2741,5
2742,5
2743,3
2744,2
2745,8
2746,3
2747,1
2748,6
2749,6
2750,8
2751,3
2752,2
2753,1
2754,5
2755,6
2756,4
2757,4
2758,2
2759,8
2760,1
2761,6
2762,1
2763,4
2764,2
2765,8
2766,7
2767,5
2768,4
2769,7
2770,1
2771,6
2772,1
2773,4
2774,2
2775,6
2776,4
2777,5
2778,8
2779,8
2780,1
2781,3
2782,8
2783,6
2784,4
2785,7
2786,4
2787,1
2788,8
2789,7
2790,2
2791,5
2792,5
2793,5
2794,2
2795,3
2796,3
2797,4
2798,3
2799,1
2800,7
2801,5
2802,2
2803,2
2804,4
2805,1
2806,2
2807,5
2808,8
2809,6
2810,7
2811,8
2812,2
2813,4
2814,1
2815,8
2816,1
2817,3
2818,5
2819,7
2820,6
2821,6
2822,1
2823,5
2824,7
2825,5
2826,4
2827,5
2828,1
2829,5
2830,5
2831,7
2832,1
2833,1
2834,6
2835,7
2836,3
2837,8
2838,3
2839,7
2840,2
2841,2
2842,5
2843,5
2844,3
2845,6
2846,7
2847,3
2848,5
2849,6
2850,6
2851,4
2852,1
2853,1
2854,8
2855,8
2856,6
2857,7
2858,5
2859,7
2860,5
2861,8
2862,8
2863,6
2864,6
2865,3
2866,7
2867,1
2868,3
2869,4
2870,7
2871,3
2872,4
2873,8
2874,1
2875,6
2876,3
2877,4
2878,4
2879,2
2880,7
2881,7
2882,1
2883,1
2884,2
2885,7
2886,3
2887,2
2888,8
2889,8
2890,7
2891,5
2892,8
2893,4
2894,2
2895,5
2896,3
2897,7
2898,4
2899,3
2900,3
2901,3
2902,4
2903,6
2904,4
2905,4
2906,8
2907,8
2908,4
2909,1
2910,3
2911,1
2912,4
2913,7
2914,6
2915,8
2916,6
2917,3
2918,8
2919,8
2920,4
2921,1
2922,3
2923,5
2924,1
2925,6
2926,6
2927,5
2928,4
2929,7
2930,6
2931,1
2932,6
2933,5
2934,8
2935,6
2936,3
2937,1
2938,8
2939,6
2940,8
2941,4
2942,4
2943,7
2944,2
2945,4
2946,4
2947,4
2948,1
2949,1
2950,1
2951,5
2952,4
2953,2
2954,2
2955,2
2956,3
2957,1
2958,8
2959,5
2960,4
2961,1
2962,6
2963,7
2964,1
2965,7
2966,6
2967,4
2968,8
2969,1
2970,4
2971,4
2972,2
2973,5
2974,3
2975,6
2976,2
2977,3
2978,5
2979,8
2980,5
2981,5
2982,7
2983,5
2984,3
2985,5
2986,4
2987,8
2988,7
2989,7
2990,6
2991,7
2992,4
2993,7
2994,1
2995,6
2996,8
2997,3
2998,2
2999,2
3000,7
3001,7
3002,7
3003,7
3004,6
3005,5
3006,2
3007,5
3008,1
3009,4
3010,1
3011,8
3012,6
3013,8
3014,4
3015,3
3016,5
3017,6
3018,1
3019,7
3020,4
3021,8
3022,2
3023,3
3024,3
3025,4
3026,2
3027,5
3028,2
3029,4
3030,5
3031,4
3032,3
3033,6
3034,7
3035,2
3036,5
3037,7
3038,6
3039,8
3040,5
3041,6
3042,6
3043,2
3044,4
3045,3
3046,8
3047,1
3048,3
3049,7
3050,1
3051,4
3052,8
3053,4
3054,5
3055,1
3056,4
3057,5
3058,8
3059,1
3060,4
3061,3
3062,1
3063,8
3064,8
3065,1
3066,8
3067,5
3068,4
3069,3
3070,8
3071,3
3072,4
3073,7
3074,2
3075,4
3076,8
3077,7
3078,2
3079,5
3080,7
3081,7
3082,1
3083,7
3084,2
3085,8
3086,5
3087,1
3088,6
3089,1
3090,2
3091,7
3092,1
3093,6
3094,4
3095,5
3096,4
3097,1
3098,7
3099,2
3100,6
3101,3
3102,1
3103,2
3104,1
3105,4
3106,3
3107,4
3108,5
3109,7
3110,5
3111,7
3112,5
3113,5
3114,5
3115,2
3116,4
3117,1
3118,6
3119,3
3120,7
3121,3
3122,2
3123,8
3124,2
3125,7
3126,5
3127,8
3128,7
3129,1
3130,7
3131,8
3132,5
3133,6
3134,4
3135,2
3136,4
3137,8
3138,4
3139,1
3140,3
3141,4
3142,5
3143,8
3144,5
3145,5
3146,7
3147,5
3148,1
3149,6
3150,8
3151,4
3152,7
3153,6
3154,4
3155,8
3156,5
3157,2
3158,6
3159,1
3160,8
3161,8
3162,4
3163,8
3164,6
3165,3
3166,2
3167,2
3168,5
3169,3
3170,3
3171,2
3172,6
3173,6
3174,1
3175,8
3176,4
3177,2
3178,8
3179,4
3180,2
3181,1
3182,1
3183,6
3184,4
3185,6
3186,5
3187,6
3188,6
3189,7
3190,6
3191,6
3192,6
3193,7
3194,8
3195,7
3196,3
3197,3
3198,7
3199,2
3200,4
3201,1
3202,6
3203,4
3204,1
3205,8
3206,5
3207,5
3208,6
3209,2
3210,8
3211,1
3212,4
3213,4
3214,5
3215,6
3216,6
3217,5
3218,8
3219,2
3220,8
3221,7
3222,8
3223,5
3224,7
3225,4
3226,5
3227,6
3228,4
3229,7
3230,3
3231,4
3232,5
3233,2
3234,2
3235,8
3236,1
3237,7
3238,5
3239,4
3240,7
3241,3
3242,4
3243,4
3244,6
3245,5
3246,4
3247,4
3248,7
3249,1
3250,8
3251,1
3252,8
3253,8
3254,7
3255,8
3256,2
3257,1
3258,4
3259,8
3260,4
3261,6
3262,7
3263,6
3264,7
3265,1
3266,7
3267,4
3268,6
3269,6
3270,8
3271,5
3272,6
3273,5
3274,1
3275,7
3276,4
3277,7
3278,8
3279,3
3280,4
3281,2
3282,2
3283,8
3284,1
3285,2
3286,3
3287,4
3288,3
3289,6
3290,4
3291,8
3292,8
3293,2
3294,7
3295,8
3296,5
3297,6
3298,7
3299,4
3300,5
3301,4
3302,8
3303,4
3304,6
3305,7
3306,4
3307,1
3308,8
3309,2
3310,6
3311,2
3312,3
3313,5
3314,1
3315,8
3316,8
3317,1
3318,3
3319,6
3320,7
3321,4
3322,5
3323,4
3324,4
3325,4
3326,7
3327,3
3328,5
3329,5
3330,5
3331,6
3332,2
3333,3
3334,4
3335,4
3336,6
3337,2
3338,6
3339,2
3340,5
3341,2
3342,8
3343,4
3344,1
3345,6
3346,3
3347,2
3348,1
3349,7
3350,5
3351,2
3352,5
3353,8
3354,6
3355,3
3356,4
3357,1
3358,8
3359,1
3360,5
3361,5
3362,1
3363,5
3364,6
3365,3
3366,6
3367,7
3368,3
3369,4
3370,5
3371,8
3372,8
3373,1
3374,6
3375,1
3376,6
3377,3
3378,8
3379,3
3380,6
3381,7
3382,6
3383,7
3384,6
3385,2
3386,8
3387,1
3388,8
3389,8
3390,2
3391,8
3392,4
3393,3
3394,2
3395,7
3396,5
3397,8
3398,8
3399,3
3400,7
3401,4
3402,1
3403,7
3404,8
3405,2
3406,3
3407,4
3408,2
3409,7
3410,7
3411,3
3412,8
3413,8
3414,6
3415,5
3416,2
3417,7
3418,5
3419,4
3420,4
3421,4
3422,1
3423,1
3424,5
3425,8
3426,3
3427,6
3428,7
3429,8
3430,8
3431,7
3432,4
3433,4
3434,8
3435,2
3436,2
3437,5
3438,3
3439,1
3440,6
3441,6
3442,7
3443,2
3444,8
3445,7
3446,2
3447,3
3448,1
3449,2
3450,2
3451,7
3452,1
3453,3
3454,8
3455,5
3456,6
3457,4
3458,7
3459,5
3460,7
3461,8
3462,1
3463,4
3464,2
3465,1
3466,5
3467,4
3468,6
3469,8
3470,4
3471,3
3472,7
3473,5
3474,6
3475,2
3476,6
3477,8
3478,2
3479,8
3480,2
3481,8
3482,7
3483,1
3484,2
3485,3
3486,8
3487,6
3488,6
3489,7
3490,3
3491,5
3492,5
3493,8
3494,8
3495,7
3496,7
3497,3
3498,8
3499,5
3500,1
3501,2
3502,7
3503,5
3504,8
3505,2
3506,6
3507,7
3508,1
3509,5
3510,2
3511,8
3512,7
3513,3
3514,6
3515,3
3516,8
3517,5
3518,3
3519,1
3520,4
3521,2
3522,3
3523,2
3524,2
3525,3
3526,4
3527,6
3528,7
3529,6
3530,4
3531,8
3532,7
3533,6
3534,6
3535,8
3536,1
3537,3
3538,6
3539,6
3540,6
3541,5
3542,3
3543,2
3544,5
3545,4
3546,6
3547,1
3548,7
3549,8
3550,2
3551,6
3552,3
3553,3
3554,2
3555,4
3556,8
3557,6
3558,4
3559,3
3560,6
3561,3
3562,8
3563,4
3564,7
3565,8
3566,5
3567,5
3568,7
3569,3
3570,2
3571,7
3572,2
3573,3
3574,1
3575,4
3576,8
3577,7
3578,7
3579,2
3580,8
3581,1
3582,2
3583,6
3584,7
3585,2
3586,5
3587,4
3588,3
3589,7
3590,8
3591,7
3592,7
3593,3
3594,4
3595,5
3596,5
3597,2
3598,5
3599,7
3600,3
3601,4
3602,1
3603,5
3604,8
3605,2
3606,1
3607,5
3608,8
3609,7
3610,5
3611,4
3612,4
3613,4
3614,5
3615,1
3616,5
3617,3
3618,6
3619,7
3620,1
3621,7
3622,2
3623,1
3624,8
3625,7
3626,7
3627,1
3628,4
3629,4
3630,2
3631,4
3632,2
3633,2
3634,2
3635,1
3636,3
3637,8
3638,8
3639,4
3640,6
3641,2
3642,3
3643,6
3644,6
3645,7
3646,4
3647,1
3648,5
3649,1
3650,6
3651,8
3652,2
3653,7
3654,4
3655,5
3656,5
3657,1
3658,2
3659,1
3660,2
3661,2
3662,3
3663,8
3664,2
3665,4
3666,6
3667,5
3668,8
3669,5
3670,6
3671,7
3672,2
3673,2
3674,7
3675,8
3676,3
3677,7
3678,2
3679,3
3680,4
3681,1
3682,2
3683,5
3684,2
3685,4
3686,8
3687,1
3688,6
3689,8
3690,1
3691,8
3692,6
3693,8
3694,6
3695,1
3696,2
3697,4
3698,7
3699,1
3700,6
3701,8
3702,2
3703,8
3704,4
3705,8
3706,3
3707,4
3708,7
3709,5
3710,3
3711,3
3712,7
3713,1
3714,7
3715,5
3716,5
3717,6
3718,2
3719,1
3720,6
3721,5
3722,4
3723,2
3724,4
3725,1
3726,5
3727,8
3728,7
3729,2
3730,3
3731,6
3732,7
3733,2
3734,1
3735,6
3736,5
3737,1
3738,2
3739,2
3740,2
3741,5
3742,2
3743,2
3744,3
3745,7
3746,3
3747,5
3748,1
3749,7
3750,8
3751,5
3752,7
3753,7
3754,3
3755,2
3756,7
3757,1
3758,3
3759,3
3760,4
3761,1
3762,6
3763,1
3764,6
3765,4
3766,1
3767,3
3768,2
3769,7
3770,7
3771,5
3772,5
3773,5
3774,8
3775,8
3776,8
3777,4
3778,2
3779,7
3780,2
3781,3
3782,3
3783,8
3784,5
3785,3
3786,2
3787,7
3788,6
3789,6
3790,7
3791,4
3792,2
3793,8
3794,3
3795,3
3796,4
3797,6
3798,2
3799,4
3800,5
3801,8
3802,1
3803,2
3804,1
3805,8
3806,7
3807,8
3808,7
3809,6
3810,1
3811,2
3812,3
3813,3
3814,4
3815,6
3816,1
3817,3
3818,2
3819,5
3820,4
3821,4
3822,2
3823,5
3824,3
3825,1
3826,4
3827,6
3828,1
3829,2
3830,1
3831,5
3832,3
3833,4
3834,1
3835,1
3836,4
3837,6
3838,6
3839,4
3840,6
3841,8
3842,7
3843,8
3844,1
3845,5
3846,4
3847,6
3848,5
3849,7
3850,7
3851,8
3852,4
3853,4
3854,6
3855,2
3856,5
3857,3
3858,2
3859,2
3860,7
3861,6
3862,7
3863,8
3864,6
3865,5
3866,2
3867,2
3868,6
3869,7
3870,3
3871,4
3872,1
3873,8
3874,7
3875,2
3876,6
3877,3
3878,1
3879,4
3880,2
3881,2
3882,6
3883,7
3884,6
3885,6
3886,7
3887,1
3888,1
3889,4
3890,7
3891,8
3892,4
3893,1
3894,7
3895,8
3896,1
3897,7
3898,6
3899,6
3900,8
3901,1
3902,8
3903,6
3904,8
3905,6
3906,5
3907,1
3908,2
3909,5
3910,4
3911,6
3912,3
3913,5
3914,6
3915,3
3916,8
3917,2
3918,3
3919,7
3920,5
3921,1
3922,4
3923,3
3924,8
3925,1
3926,1
3927,7
3928,4
3929,5
3930,7
3931,4
3932,4
3933,5
3934,2
3935,1
3936,8
3937,8
3938,4
3939,4
3940,8
3941,3
3942,4
3943,5
3944,1
3945,5
3946,2
3947,8
3948,2
3949,8
3950,7
3951,1
3952,8
3953,7
3954,7
3955,5
3956,7
3957,4
3958,1
3959,8
3960,8
3961,8
3962,6
3963,1
3964,6
3965,1
3966,1
3967,4
3968,5
3969,4
3970,8
3971,7
3972,7
3973,5
3974,3
3975,1
3976,2
3977,8
3978,1
3979,4
3980,6
3981,8
3982,8
3983,7
3984,7
3985,3
3986,2
3987,4
3988,6
3989,6
3990,4
3991,6
3992,8
3993,8
3994,8
3995,4
3996,3
3997,6
3998,7
3999,3
